{
	"credit": "Made with Blockbench",
	"texture_size": [48, 48],
	"textures": {
		"0": "block/ooze",
		"particle": "block/ooze"
	},
	"elements": [
		{
			"from": [-4, -1, -4],
			"to": [20, -1, 20],
			"shade": false,
			"rotation": {"angle": 0, "axis": "y", "origin": [4, 0, 4]},
			"faces": {
				"north": {"uv": [0, 0, 16, 0.33333], "texture": "#0"},
				"east": {"uv": [0, 0, 16, 0.33333], "texture": "#0"},
				"south": {"uv": [0, 0, 16, 0.33333], "texture": "#0"},
				"west": {"uv": [0, 0, 16, 0.33333], "texture": "#0"},
				"up": {"uv": [0, 0, 16, 16], "texture": "#0"},
				"down": {"uv": [0, 16, 16, 0], "texture": "#0"}
			}
		}
	]
}