{
	"credit": "Made with Blockbench",
	"textures": {
		"0": "block/ooze",
		"1": "block/swamp_grass",
		"particle": "block/ooze"
	},
	"elements": [
		{
			"from": [8.25, 0, 0],
			"to": [16.25, 0, 8],
			"shade": false,
			"rotation": {"angle": 0, "axis": "y", "origin": [4, -0.5, 4]},
			"faces": {
				"north": {"uv": [0, 0, 16, 1], "texture": "#1"},
				"east": {"uv": [0, 0, 16, 1], "texture": "#1"},
				"south": {"uv": [0, 0, 16, 1], "texture": "#1"},
				"west": {"uv": [0, 0, 16, 1], "texture": "#1"},
				"up": {"uv": [0, 8, 8, 16], "texture": "#1"},
				"down": {"uv": [0, 16, 8, 8], "texture": "#1"}
			}
		},
		{
			"from": [-1.75, 0.5, 8.5],
			"to": [6.25, 0.5, 16.5],
			"shade": false,
			"rotation": {"angle": 0, "axis": "y", "origin": [4, -0.5, 4]},
			"faces": {
				"north": {"uv": [0, 0, 16, 1], "texture": "#1"},
				"east": {"uv": [0, 0, 16, 1], "texture": "#1"},
				"south": {"uv": [0, 0, 16, 1], "texture": "#1"},
				"west": {"uv": [0, 0, 16, 1], "texture": "#1"},
				"up": {"uv": [0, 8, 8, 16], "texture": "#1"},
				"down": {"uv": [0, 16, 8, 8], "texture": "#1"}
			}
		},
		{
			"from": [8.5, -1, 9.5],
			"to": [8.5, 1.5, 18.5],
			"shade": false,
			"rotation": {"angle": 45, "axis": "y", "origin": [8.5, -6.5, 8.5]},
			"faces": {
				"north": {"uv": [0, 0, 0.33333, 5.33333], "texture": "#1"},
				"east": {"uv": [0, 8, 8, 5.5], "texture": "#1"},
				"south": {"uv": [0, 0, 0.33333, 5.33333], "texture": "#1"},
				"west": {"uv": [0, 8, 8, 5.5], "texture": "#1"},
				"up": {"uv": [0, 0, 0.33333, 6], "texture": "#1"},
				"down": {"uv": [0, 0, 0.33333, 6], "texture": "#1"}
			}
		},
		{
			"from": [14, -1, 4],
			"to": [14, 1.5, 13],
			"shade": false,
			"rotation": {"angle": -45, "axis": "y", "origin": [8.5, -6.5, 8.5]},
			"faces": {
				"north": {"uv": [0, 0, 0.33333, 5.33333], "texture": "#1"},
				"east": {"uv": [0, 8, 8, 5.5], "texture": "#1"},
				"south": {"uv": [0, 0, 0.33333, 5.33333], "texture": "#1"},
				"west": {"uv": [0, 8, 8, 5.5], "texture": "#1"},
				"up": {"uv": [0, 0, 0.33333, 6], "texture": "#1"},
				"down": {"uv": [0, 0, 0.33333, 6], "texture": "#1"}
			}
		},
		{
			"from": [2.5, -1, 1.5],
			"to": [2.5, 4.5, 10.5],
			"shade": false,
			"rotation": {"angle": 45, "axis": "y", "origin": [2.5, -3.5, 0.5]},
			"faces": {
				"north": {"uv": [0, 0, 0.33333, 5.33333], "texture": "#1"},
				"east": {"uv": [0, 8, 8, 2.5], "texture": "#1"},
				"south": {"uv": [0, 0, 0.33333, 5.33333], "texture": "#1"},
				"west": {"uv": [0, 8, 8, 2.5], "texture": "#1"},
				"up": {"uv": [0, 0, 0.33333, 6], "texture": "#1"},
				"down": {"uv": [0, 0, 0.33333, 6], "texture": "#1"}
			}
		},
		{
			"from": [8, -1, -4],
			"to": [8, 4.5, 5],
			"shade": false,
			"rotation": {"angle": -45, "axis": "y", "origin": [2.5, -3.5, 0.5]},
			"faces": {
				"north": {"uv": [0, 0, 0.33333, 5.33333], "texture": "#1"},
				"east": {"uv": [0, 8, 8, 2.5], "texture": "#1"},
				"south": {"uv": [0, 0, 0.33333, 5.33333], "texture": "#1"},
				"west": {"uv": [0, 8, 8, 2.5], "texture": "#1"},
				"up": {"uv": [0, 0, 0.33333, 6], "texture": "#1"},
				"down": {"uv": [0, 0, 0.33333, 6], "texture": "#1"}
			}
		},
		{
			"from": [8.5, -8, 1.5],
			"to": [8.5, 0, 10.5],
			"shade": false,
			"rotation": {"angle": 45, "axis": "y", "origin": [8.5, -8, 0.5]},
			"faces": {
				"north": {"uv": [0, 0, 0.33333, 5.33333], "texture": "#1"},
				"east": {"uv": [0, 0, 8, 8], "texture": "#1"},
				"south": {"uv": [0, 0, 0.33333, 5.33333], "texture": "#1"},
				"west": {"uv": [0, 0, 8, 8], "texture": "#1"},
				"up": {"uv": [0, 0, 0.33333, 6], "texture": "#1"},
				"down": {"uv": [0, 0, 0.33333, 6], "texture": "#1"}
			}
		},
		{
			"from": [-1.5, -7.5, 9.5],
			"to": [-1.5, 0.5, 18.5],
			"shade": false,
			"rotation": {"angle": 45, "axis": "y", "origin": [-1.5, -7.5, 8.5]},
			"faces": {
				"north": {"uv": [0, 0, 0.33333, 5.33333], "texture": "#1"},
				"east": {"uv": [0, 0, 8, 8], "texture": "#1"},
				"south": {"uv": [0, 0, 0.33333, 5.33333], "texture": "#1"},
				"west": {"uv": [0, 0, 8, 8], "texture": "#1"},
				"up": {"uv": [0, 0, 0.33333, 6], "texture": "#1"},
				"down": {"uv": [0, 0, 0.33333, 6], "texture": "#1"}
			}
		},
		{
			"from": [4, -7.5, 4],
			"to": [4, 0.5, 13],
			"shade": false,
			"rotation": {"angle": -45, "axis": "y", "origin": [-1.5, -7.5, 8.5]},
			"faces": {
				"north": {"uv": [0, 0, 0.33333, 5.33333], "texture": "#1"},
				"east": {"uv": [0, 0, 8, 8], "texture": "#1"},
				"south": {"uv": [0, 0, 0.33333, 5.33333], "texture": "#1"},
				"west": {"uv": [0, 0, 8, 8], "texture": "#1"},
				"up": {"uv": [0, 0, 0.33333, 6], "texture": "#1"},
				"down": {"uv": [0, 0, 0.33333, 6], "texture": "#1"}
			}
		},
		{
			"from": [14, -8, -4],
			"to": [14, 0, 5],
			"shade": false,
			"rotation": {"angle": -45, "axis": "y", "origin": [8.5, -8, 0.5]},
			"faces": {
				"north": {"uv": [0, 0, 0.33333, 5.33333], "texture": "#1"},
				"east": {"uv": [0, 0, 8, 8], "texture": "#1"},
				"south": {"uv": [0, 0, 0.33333, 5.33333], "texture": "#1"},
				"west": {"uv": [0, 0, 8, 8], "texture": "#1"},
				"up": {"uv": [0, 0, 0.33333, 6], "texture": "#1"},
				"down": {"uv": [0, 0, 0.33333, 6], "texture": "#1"}
			}
		},
		{
			"from": [-4, -1, -4],
			"to": [20, -1, 20],
			"shade": false,
			"rotation": {"angle": 0, "axis": "y", "origin": [4, -0.5, 4]},
			"faces": {
				"north": {"uv": [0, 0, 16, 0.33333], "texture": "#0"},
				"east": {"uv": [0, 0, 16, 0.33333], "texture": "#0"},
				"south": {"uv": [0, 0, 16, 0.33333], "texture": "#0"},
				"west": {"uv": [0, 0, 16, 0.33333], "texture": "#0"},
				"up": {"uv": [0, 0, 16, 16], "texture": "#0"},
				"down": {"uv": [0, 16, 16, 0], "texture": "#0"}
			}
		}
	]
}