{
	"credit": "Made with Blockbench",
	"textures": {
		"0": "block/ooze",
		"1": "block/swamp_grass",
		"particle": "block/ooze"
	},
	"elements": [
		{
			"from": [-4, -1, -5],
			"to": [20, -1, 19],
			"shade": false,
			"rotation": {"angle": 0, "axis": "y", "origin": [4, -0.5, 3]},
			"faces": {
				"north": {"uv": [0, 0, 16, 0.33333], "texture": "#0"},
				"east": {"uv": [0, 0, 16, 0.33333], "texture": "#0"},
				"south": {"uv": [0, 0, 16, 0.33333], "texture": "#0"},
				"west": {"uv": [0, 0, 16, 0.33333], "texture": "#0"},
				"up": {"uv": [0, 0, 16, 16], "texture": "#0"},
				"down": {"uv": [0, 16, 16, 0], "texture": "#0"}
			}
		},
		{
			"from": [4, -7.5, 3],
			"to": [4, 0.5, 12],
			"shade": false,
			"rotation": {"angle": -45, "axis": "y", "origin": [-1.5, -7.5, 7.5]},
			"faces": {
				"north": {"uv": [0, 0, 0.33333, 5.33333], "texture": "#1"},
				"east": {"uv": [0, 0, 8, 8], "texture": "#1"},
				"south": {"uv": [0, 0, 0.33333, 5.33333], "texture": "#1"},
				"west": {"uv": [0, 0, 8, 8], "texture": "#1"},
				"up": {"uv": [0, 0, 0.33333, 6], "texture": "#1"},
				"down": {"uv": [0, 0, 0.33333, 6], "texture": "#1"}
			}
		},
		{
			"from": [-1.5, -7.5, 8.5],
			"to": [-1.5, 0.5, 17.5],
			"shade": false,
			"rotation": {"angle": 45, "axis": "y", "origin": [-1.5, -7.5, 7.5]},
			"faces": {
				"north": {"uv": [0, 0, 0.33333, 5.33333], "texture": "#1"},
				"east": {"uv": [0, 0, 8, 8], "texture": "#1"},
				"south": {"uv": [0, 0, 0.33333, 5.33333], "texture": "#1"},
				"west": {"uv": [0, 0, 8, 8], "texture": "#1"},
				"up": {"uv": [0, 0, 0.33333, 6], "texture": "#1"},
				"down": {"uv": [0, 0, 0.33333, 6], "texture": "#1"}
			}
		},
		{
			"from": [11, -8, 0.5],
			"to": [11, 0, 9.5],
			"shade": false,
			"rotation": {"angle": 45, "axis": "y", "origin": [11, -8, -0.5]},
			"faces": {
				"north": {"uv": [0, 0, 0.33333, 5.33333], "texture": "#1"},
				"east": {"uv": [0, 0, 8, 8], "texture": "#1"},
				"south": {"uv": [0, 0, 0.33333, 5.33333], "texture": "#1"},
				"west": {"uv": [0, 0, 8, 8], "texture": "#1"},
				"up": {"uv": [0, 0, 0.83333, 6], "texture": "#1"},
				"down": {"uv": [0, 0, 0.83333, 6], "texture": "#1"}
			}
		},
		{
			"from": [16.5, -8, -5],
			"to": [16.5, 0, 4],
			"shade": false,
			"rotation": {"angle": -45, "axis": "y", "origin": [11, -8, -0.5]},
			"faces": {
				"north": {"uv": [0, 0, 0.33333, 5.33333], "texture": "#1"},
				"east": {"uv": [0, 0, 8, 8], "texture": "#1"},
				"south": {"uv": [0, 0, 0.33333, 5.33333], "texture": "#1"},
				"west": {"uv": [0, 0, 8, 8], "texture": "#1"},
				"up": {"uv": [0, 0, 0.83333, 6], "texture": "#1"},
				"down": {"uv": [0, 0, 0.83333, 6], "texture": "#1"}
			}
		},
		{
			"from": [10.75, 0, -1],
			"to": [18.75, 0, 7],
			"shade": false,
			"rotation": {"angle": 0, "axis": "y", "origin": [6.5, -0.5, 3]},
			"faces": {
				"north": {"uv": [0, 0, 16, 1], "texture": "#1"},
				"east": {"uv": [0, 0, 16, 1], "texture": "#1"},
				"south": {"uv": [0, 0, 16, 1], "texture": "#1"},
				"west": {"uv": [0, 0, 16, 1], "texture": "#1"},
				"up": {"uv": [0, 8, 8, 16], "texture": "#1"},
				"down": {"uv": [0, 16, 8, 8], "texture": "#1"}
			}
		},
		{
			"from": [-1.75, 0.5, 7.5],
			"to": [6.25, 0.5, 15.5],
			"shade": false,
			"rotation": {"angle": 0, "axis": "y", "origin": [4, -0.5, 3]},
			"faces": {
				"north": {"uv": [0, 0, 16, 1], "texture": "#1"},
				"east": {"uv": [0, 0, 16, 1], "texture": "#1"},
				"south": {"uv": [0, 0, 16, 1], "texture": "#1"},
				"west": {"uv": [0, 0, 16, 1], "texture": "#1"},
				"up": {"uv": [0, 8, 8, 16], "texture": "#1"},
				"down": {"uv": [0, 16, 8, 8], "texture": "#1"}
			}
		}
	]
}