{
	"credit": "Made with Blockbench",
	"textures": {
		"0": "block/ooze",
		"1": "block/swamp_grass",
		"particle": "block/ooze"
	},
	"elements": [
		{
			"from": [-4, -1, -3.5],
			"to": [20, -1, 20.5],
			"shade": false,
			"rotation": {"angle": 0, "axis": "y", "origin": [4, -0.5, 4.5]},
			"faces": {
				"north": {"uv": [0, 0, 16, 0.33333], "texture": "#0"},
				"east": {"uv": [0, 0, 16, 0.33333], "texture": "#0"},
				"south": {"uv": [0, 0, 16, 0.33333], "texture": "#0"},
				"west": {"uv": [0, 0, 16, 0.33333], "texture": "#0"},
				"up": {"uv": [0, 0, 16, 16], "texture": "#0"},
				"down": {"uv": [0, 16, 16, 0], "texture": "#0"}
			}
		},
		{
			"from": [2.5, -1, -3.5],
			"to": [2.5, 7, 5.5],
			"shade": false,
			"rotation": {"angle": -45, "axis": "y", "origin": [-3, -3.5, 1]},
			"faces": {
				"north": {"uv": [0, 0, 0.33333, 5.33333], "texture": "#1"},
				"east": {"uv": [0, 8, 8, 0], "texture": "#1"},
				"south": {"uv": [0, 0, 0.33333, 5.33333], "texture": "#1"},
				"west": {"uv": [0, 8, 8, 0], "texture": "#1"},
				"up": {"uv": [0, 0, 0.33333, 6], "texture": "#1"},
				"down": {"uv": [0, 0, 0.33333, 6], "texture": "#1"}
			}
		},
		{
			"from": [-3, -1, 2],
			"to": [-3, 7, 11],
			"shade": false,
			"rotation": {"angle": 45, "axis": "y", "origin": [-3, -3.5, 1]},
			"faces": {
				"north": {"uv": [0, 0, 0.33333, 5.33333], "texture": "#1"},
				"east": {"uv": [0, 8, 8, 0], "texture": "#1"},
				"south": {"uv": [0, 0, 0.33333, 5.33333], "texture": "#1"},
				"west": {"uv": [0, 8, 8, 0], "texture": "#1"},
				"up": {"uv": [0, 0, 0.33333, 6], "texture": "#1"},
				"down": {"uv": [0, 0, 0.33333, 6], "texture": "#1"}
			}
		},
		{
			"from": [14.5, -1, 5],
			"to": [14.5, 4.5, 14],
			"shade": false,
			"rotation": {"angle": -45, "axis": "y", "origin": [9, -3.5, 9.5]},
			"faces": {
				"north": {"uv": [0, 0, 0.33333, 5.33333], "texture": "#1"},
				"east": {"uv": [0, 8, 8, 2.5], "texture": "#1"},
				"south": {"uv": [0, 0, 0.33333, 5.33333], "texture": "#1"},
				"west": {"uv": [0, 8, 8, 2.5], "texture": "#1"},
				"up": {"uv": [0, 0, 0.33333, 6], "texture": "#1"},
				"down": {"uv": [0, 0, 0.33333, 6], "texture": "#1"}
			}
		},
		{
			"from": [9, -1, 10.5],
			"to": [9, 4.5, 19.5],
			"shade": false,
			"rotation": {"angle": 45, "axis": "y", "origin": [9, -3.5, 9.5]},
			"faces": {
				"north": {"uv": [0, 0, 0.33333, 5.33333], "texture": "#1"},
				"east": {"uv": [0, 8, 8, 2.5], "texture": "#1"},
				"south": {"uv": [0, 0, 0.33333, 5.33333], "texture": "#1"},
				"west": {"uv": [0, 8, 8, 2.5], "texture": "#1"},
				"up": {"uv": [0, 0, 0.33333, 6], "texture": "#1"},
				"down": {"uv": [0, 0, 0.33333, 6], "texture": "#1"}
			}
		},
		{
			"from": [6, -1, 6],
			"to": [6, 1.5, 15],
			"shade": false,
			"rotation": {"angle": -45, "axis": "y", "origin": [0.5, -6.5, 10.5]},
			"faces": {
				"north": {"uv": [0, 0, 0.33333, 5.33333], "texture": "#1"},
				"east": {"uv": [0, 8, 8, 5.5], "texture": "#1"},
				"south": {"uv": [0, 0, 0.33333, 5.33333], "texture": "#1"},
				"west": {"uv": [0, 8, 8, 5.5], "texture": "#1"},
				"up": {"uv": [0, 0, 0.33333, 6], "texture": "#1"},
				"down": {"uv": [0, 0, 0.33333, 6], "texture": "#1"}
			}
		},
		{
			"from": [0.5, -1, 11.5],
			"to": [0.5, 1.5, 20.5],
			"shade": false,
			"rotation": {"angle": 45, "axis": "y", "origin": [0.5, -6.5, 10.5]},
			"faces": {
				"north": {"uv": [0, 0, 0.33333, 5.33333], "texture": "#1"},
				"east": {"uv": [0, 8, 8, 5.5], "texture": "#1"},
				"south": {"uv": [0, 0, 0.33333, 5.33333], "texture": "#1"},
				"west": {"uv": [0, 8, 8, 5.5], "texture": "#1"},
				"up": {"uv": [0, 0, 0.33333, 6], "texture": "#1"},
				"down": {"uv": [0, 0, 0.33333, 6], "texture": "#1"}
			}
		},
		{
			"from": [15.5, -1, -3.5],
			"to": [15.5, 1.5, 5.5],
			"shade": false,
			"rotation": {"angle": -45, "axis": "y", "origin": [10, -6.5, 1]},
			"faces": {
				"north": {"uv": [0, 0, 0.33333, 5.33333], "texture": "#1"},
				"east": {"uv": [0, 8, 8, 5.5], "texture": "#1"},
				"south": {"uv": [0, 0, 0.33333, 5.33333], "texture": "#1"},
				"west": {"uv": [0, 8, 8, 5.5], "texture": "#1"},
				"up": {"uv": [0, 0, 0.33333, 6], "texture": "#1"},
				"down": {"uv": [0, 0, 0.33333, 6], "texture": "#1"}
			}
		},
		{
			"from": [10, -1, 2],
			"to": [10, 1.5, 11],
			"shade": false,
			"rotation": {"angle": 45, "axis": "y", "origin": [10, -6.5, 1]},
			"faces": {
				"north": {"uv": [0, 0, 0.33333, 5.33333], "texture": "#1"},
				"east": {"uv": [0, 8, 8, 5.5], "texture": "#1"},
				"south": {"uv": [0, 0, 0.33333, 5.33333], "texture": "#1"},
				"west": {"uv": [0, 8, 8, 5.5], "texture": "#1"},
				"up": {"uv": [0, 0, 0.33333, 6], "texture": "#1"},
				"down": {"uv": [0, 0, 0.33333, 6], "texture": "#1"}
			}
		}
	]
}