{
	"credit": "Made with Blockbench",
	"ambientocclusion": false,
	"texture_size": [128, 128],
	"textures": {
		"0": "block/lily_pad",
		"particle": "block/lily_pad"
	},
	"elements": [
		{
			"from": [1, 12.5, 1],
			"to": [15, 12.5, 15],
			"rotation": {"angle": 0, "axis": "y", "origin": [0, 12.5, 0]},
			"faces": {
				"up": {"uv": [0.125, 0.125, 3.625, 3.625], "texture": "#0"},
				"down": {"uv": [0.125, 3.625, 3.625, 0.125], "texture": "#0"}
			}
		},
		{
			"from": [1, 12.5, 15],
			"to": [15, 16, 15],
			"rotation": {"angle": 0, "axis": "y", "origin": [0, 12.5, 0]},
			"faces": {
				"north": {"uv": [0.125, 6.625, 3.625, 5.75], "texture": "#0"},
				"south": {"uv": [3.625, 6.625, 0.125, 5.75], "texture": "#0"}
			}
		},
		{
			"from": [1, 12.5, 1],
			"to": [1, 16, 15],
			"rotation": {"angle": 0, "axis": "y", "origin": [8, 12.5, 8]},
			"faces": {
				"east": {"uv": [0.125, 4.625, 3.625, 3.75], "texture": "#0"},
				"west": {"uv": [3.625, 4.625, 0.125, 3.75], "texture": "#0"}
			}
		},
		{
			"from": [1, 12.5, 1],
			"to": [15, 16, 1],
			"rotation": {"angle": 0, "axis": "y", "origin": [8, 12.5, 8]},
			"faces": {
				"north": {"uv": [0.125, 5.625, 3.625, 4.75], "texture": "#0"},
				"south": {"uv": [3.625, 5.625, 0.125, 4.75], "texture": "#0"}
			}
		},
		{
			"from": [15, 12.5, 1],
			"to": [15, 16, 15],
			"rotation": {"angle": 0, "axis": "y", "origin": [8, 12.5, 8]},
			"faces": {
				"east": {"uv": [3.625, 4.625, 0.125, 3.75], "texture": "#0"},
				"west": {"uv": [0.125, 4.625, 3.625, 3.75], "texture": "#0"}
			}
		},
		{
			"from": [8, -3.5, 4],
			"to": [8, 12.5, 12],
			"rotation": {"angle": -45, "axis": "y", "origin": [8, 4.5, 8]},
			"faces": {
				"east": {"uv": [14.75, 10.875, 12.75, 7.375], "texture": "#0"},
				"west": {"uv": [14.75, 10.875, 12.75, 7.375], "texture": "#0"}
			}
		},
		{
			"from": [4, -3.5, 8],
			"to": [12, 12.5, 8],
			"rotation": {"angle": -45, "axis": "y", "origin": [8, 4.5, 8]},
			"faces": {
				"north": {"uv": [14.75, 10.875, 12.75, 7.375], "texture": "#0"},
				"south": {"uv": [14.75, 10.875, 12.75, 7.375], "texture": "#0"}
			}
		}
	],
	"display": {
		"thirdperson_righthand": {
			"rotation": [75, 45, 0],
			"translation": [0, 2.5, -2.25],
			"scale": [0.375, 0.375, 0.375]
		},
		"thirdperson_lefthand": {
			"rotation": [75, 45, 0],
			"translation": [0, 2.5, -2.25],
			"scale": [0.375, 0.375, 0.375]
		},
		"firstperson_righthand": {
			"rotation": [0, 45, 0],
			"scale": [0.4, 0.4, 0.4]
		},
		"firstperson_lefthand": {
			"rotation": [0, 225, 0],
			"scale": [0.4, 0.4, 0.4]
		},
		"ground": {
			"translation": [0, 3, 0],
			"scale": [0.25, 0.25, 0.25]
		},
		"gui": {
			"rotation": [30, 225, 0],
			"scale": [0.625, 0.625, 0.625]
		},
		"fixed": {
			"scale": [0.5, 0.5, 0.5]
		}
	}
}