{
	"credit": "Made with Blockbench",
	"ambientocclusion": false,
	"texture_size": [128, 128],
	"textures": {
		"0": "block/lily_pad",
		"particle": "block/break/lily_pad"
	},
	"elements": [
		{
			"from": [1, 0, 1],
			"to": [15, 0, 15],
			"faces": {
				"up": {"uv": [0.125, 0.125, 3.625, 3.625], "texture": "#0"},
				"down": {"uv": [0.125, 3.625, 3.625, 0.125], "texture": "#0"}
			}
		},
		{
			"from": [1, 0, 15],
			"to": [15, 3.5, 15],
			"faces": {
				"north": {"uv": [0.125, 6.625, 3.625, 5.75], "texture": "#0"},
				"south": {"uv": [3.625, 6.625, 0.125, 5.75], "texture": "#0"}
			}
		},
		{
			"from": [1, 0, 1],
			"to": [1, 3.5, 15],
			"rotation": {"angle": 0, "axis": "y", "origin": [8, 0, 8]},
			"faces": {
				"east": {"uv": [0.125, 4.625, 3.625, 3.75], "texture": "#0"},
				"west": {"uv": [3.625, 4.625, 0.125, 3.75], "texture": "#0"}
			}
		},
		{
			"from": [1, 0, 1],
			"to": [15, 3.5, 1],
			"rotation": {"angle": 0, "axis": "y", "origin": [8, 0, 8]},
			"faces": {
				"north": {"uv": [0.125, 5.625, 3.625, 4.75], "texture": "#0"},
				"south": {"uv": [3.625, 5.625, 0.125, 4.75], "texture": "#0"}
			}
		},
		{
			"from": [15, 0, 1],
			"to": [15, 3.5, 15],
			"rotation": {"angle": 0, "axis": "y", "origin": [8, 0, 8]},
			"faces": {
				"east": {"uv": [3.625, 4.625, 0.125, 3.75], "texture": "#0"},
				"west": {"uv": [0.125, 4.625, 3.625, 3.75], "texture": "#0"}
			}
		},
		{
			"from": [8, -16, 4],
			"to": [8, 0, 12],
			"rotation": {"angle": -45, "axis": "y", "origin": [8, -8, 8]},
			"faces": {
				"east": {"uv": [14.75, 10.875, 12.75, 7.375], "texture": "#0"},
				"west": {"uv": [14.75, 10.875, 12.75, 7.375], "texture": "#0"}
			}
		},
		{
			"from": [4, -16, 8],
			"to": [12, 0, 8],
			"rotation": {"angle": -45, "axis": "y", "origin": [8, -8, 8]},
			"faces": {
				"north": {"uv": [14.75, 10.875, 12.75, 7.375], "texture": "#0"},
				"south": {"uv": [14.75, 10.875, 12.75, 7.375], "texture": "#0"}
			}
		}
	]
}