{
	"credit": "Made with Blockbench",
	"ambientocclusion": false,
	"textures": {
		"0": "block/lily_pad",
		"particle": "block/break/lily_pad"
	},
	"elements": [
		{
			"from": [1, 0, 1],
			"to": [15, 0, 15],
			"faces": {
				"up": {"uv": [3.75, 0.125, 7.25, 3.625], "texture": "#0"},
				"down": {"uv": [0.125, 3.625, 3.625, 0.125], "texture": "#0"}
			}
		},
		{
			"from": [1, 0, 15],
			"to": [15, 3.5, 15],
			"faces": {
				"north": {"uv": [0.125, 6.625, 3.625, 5.75], "texture": "#0"},
				"south": {"uv": [3.625, 6.625, 0.125, 5.75], "texture": "#0"}
			}
		},
		{
			"from": [1, 0, 1],
			"to": [1, 3.5, 15],
			"rotation": {"angle": 0, "axis": "y", "origin": [8, 0, 8]},
			"faces": {
				"east": {"uv": [0.125, 4.625, 3.625, 3.75], "texture": "#0"},
				"west": {"uv": [3.625, 4.625, 0.125, 3.75], "texture": "#0"}
			}
		},
		{
			"from": [1, 0, 1],
			"to": [15, 3.5, 1],
			"rotation": {"angle": 0, "axis": "y", "origin": [8, 0, 8]},
			"faces": {
				"north": {"uv": [0.125, 5.625, 3.625, 4.75], "texture": "#0"},
				"south": {"uv": [3.625, 5.625, 0.125, 4.75], "texture": "#0"}
			}
		},
		{
			"from": [15, 0, 1],
			"to": [15, 3.5, 15],
			"rotation": {"angle": 0, "axis": "y", "origin": [8, 0, 8]},
			"faces": {
				"east": {"uv": [3.625, 4.625, 0.125, 3.75], "texture": "#0"},
				"west": {"uv": [0.125, 4.625, 3.625, 3.75], "texture": "#0"}
			}
		},
		{
			"from": [8, -16, 4],
			"to": [8, 0, 12],
			"rotation": {"angle": -45, "axis": "y", "origin": [8, -8, 8]},
			"faces": {
				"east": {"uv": [14.75, 10.875, 12.75, 7.375], "texture": "#0"},
				"west": {"uv": [14.75, 10.875, 12.75, 7.375], "texture": "#0"}
			}
		},
		{
			"from": [4, -16, 8],
			"to": [12, 0, 8],
			"rotation": {"angle": -45, "axis": "y", "origin": [8, -8, 8]},
			"faces": {
				"north": {"uv": [14.75, 10.875, 12.75, 7.375], "texture": "#0"},
				"south": {"uv": [14.75, 10.875, 12.75, 7.375], "texture": "#0"}
			}
		},
		{
			"name": "flower",
			"from": [9, 0, 8.5],
			"to": [10, 1, 9.5],
			"faces": {
				"north": {"uv": [1.875, 15.25, 2.125, 15.5], "rotation": 90, "texture": "#0"},
				"east": {"uv": [1.5, 15.625, 1.75, 15.875], "texture": "#0"},
				"south": {"uv": [1.125, 15.25, 1.375, 15.5], "rotation": 90, "texture": "#0"},
				"west": {"uv": [1.5, 14.875, 1.75, 15.125], "texture": "#0"},
				"up": {"uv": [1.5, 15.25, 1.75, 15.5], "rotation": 270, "texture": "#0"}
			}
		},
		{
			"name": "flower",
			"from": [7.5, 0, 7],
			"to": [11.5, 2, 7],
			"rotation": {"angle": 0, "axis": "y", "origin": [9.5, 0, 9.5]},
			"faces": {
				"north": {"uv": [0.125, 14.375, 1.125, 14.875], "texture": "#0"},
				"south": {"uv": [1.125, 14.375, 0.125, 14.875], "texture": "#0"}
			}
		},
		{
			"name": "flower",
			"from": [8, 0, 7.5],
			"to": [11, 2.5, 7.5],
			"rotation": {"angle": 0, "axis": "y", "origin": [9.5, 0, 9.5]},
			"faces": {
				"north": {"uv": [1.25, 14.25, 2, 14.875], "texture": "#0"},
				"south": {"uv": [2, 14.25, 1.25, 14.875], "texture": "#0"}
			}
		},
		{
			"name": "flower",
			"from": [11.5, 0, 7],
			"to": [11.5, 2, 11],
			"rotation": {"angle": 0, "axis": "y", "origin": [9.5, 0, 9.5]},
			"faces": {
				"east": {"uv": [0.125, 14.375, 1.125, 14.875], "texture": "#0"},
				"west": {"uv": [1.125, 14.375, 0.125, 14.875], "texture": "#0"}
			}
		},
		{
			"name": "flower",
			"from": [11, 0, 7.5],
			"to": [11, 2.5, 10.5],
			"rotation": {"angle": 0, "axis": "y", "origin": [9.5, 0, 9.5]},
			"faces": {
				"east": {"uv": [1.25, 14.25, 2, 14.875], "texture": "#0"},
				"west": {"uv": [2, 14.25, 1.25, 14.875], "texture": "#0"}
			}
		},
		{
			"name": "flower",
			"from": [7.5, 0, 11],
			"to": [11.5, 2, 11],
			"rotation": {"angle": 0, "axis": "y", "origin": [9.5, 0, 9.5]},
			"faces": {
				"north": {"uv": [1.125, 14.375, 0.125, 14.875], "texture": "#0"},
				"south": {"uv": [0.125, 14.375, 1.125, 14.875], "texture": "#0"}
			}
		},
		{
			"name": "flower",
			"from": [7.5, 0, 7],
			"to": [7.5, 2, 11],
			"rotation": {"angle": 0, "axis": "y", "origin": [9.5, 0, 9.5]},
			"faces": {
				"east": {"uv": [1.125, 14.375, 0.125, 14.875], "texture": "#0"},
				"west": {"uv": [0.125, 14.375, 1.125, 14.875], "texture": "#0"}
			}
		},
		{
			"name": "flower",
			"from": [8, 0, 7.5],
			"to": [8, 2.5, 10.5],
			"rotation": {"angle": 0, "axis": "y", "origin": [9.5, 0, 9.5]},
			"faces": {
				"east": {"uv": [2, 14.25, 1.25, 14.875], "texture": "#0"},
				"west": {"uv": [1.25, 14.25, 2, 14.875], "texture": "#0"}
			}
		},
		{
			"name": "flower",
			"from": [8, 0, 10.5],
			"to": [11, 2.5, 10.5],
			"rotation": {"angle": 0, "axis": "y", "origin": [9.5, 0, 9.5]},
			"faces": {
				"north": {"uv": [2, 14.25, 1.25, 14.875], "texture": "#0"},
				"south": {"uv": [1.25, 14.25, 2, 14.875], "texture": "#0"}
			}
		}
	]
}