{
	"credit": "Made with Blockbench",
	"ambientocclusion": false,
	"textures": {
		"0": "block/lily_pad",
		"particle": "block/break/lily_pad"
	},
	"elements": [
		{
			"from": [2.5, 0, 6.5],
			"to": [9.5, 0, 13.5],
			"rotation": {"angle": 0, "axis": "y", "origin": [-2, 0, 2]},
			"faces": {
				"up": {"uv": [5.75, 7.375, 7.5, 9.125], "texture": "#0"},
				"down": {"uv": [0.125, 9.125, 1.875, 7.375], "texture": "#0"}
			}
		},
		{
			"from": [2.5, 0, 13.5],
			"to": [9.5, 2, 13.5],
			"rotation": {"angle": 0, "axis": "y", "origin": [-2, 0, 2]},
			"faces": {
				"north": {"uv": [0.125, 11, 1.875, 10.5], "texture": "#0"},
				"south": {"uv": [1.875, 11, 0.125, 10.5], "texture": "#0"}
			}
		},
		{
			"from": [2.5, 0, 6.5],
			"to": [2.5, 2, 13.5],
			"rotation": {"angle": 0, "axis": "y", "origin": [6, 0, 10]},
			"faces": {
				"east": {"uv": [0.125, 9.75, 1.875, 9.25], "texture": "#0"},
				"west": {"uv": [1.875, 9.75, 0.125, 9.25], "texture": "#0"}
			}
		},
		{
			"from": [2.5, 0, 6.5],
			"to": [9.5, 2, 6.5],
			"rotation": {"angle": 0, "axis": "y", "origin": [6, 0, 10]},
			"faces": {
				"north": {"uv": [0.125, 10.375, 1.875, 9.875], "texture": "#0"},
				"south": {"uv": [1.875, 10.375, 0.125, 9.875], "texture": "#0"}
			}
		},
		{
			"from": [9.5, 0, 6.5],
			"to": [9.5, 2, 13.5],
			"rotation": {"angle": 0, "axis": "y", "origin": [6, 0, 10]},
			"faces": {
				"east": {"uv": [1.875, 9.75, 0.125, 9.25], "texture": "#0"},
				"west": {"uv": [0.125, 9.75, 1.875, 9.25], "texture": "#0"}
			}
		},
		{
			"from": [4, -8, 10],
			"to": [8, 0, 10],
			"rotation": {"angle": -45, "axis": "y", "origin": [6, -4, 10]},
			"faces": {
				"north": {"uv": [7.625, 12.875, 6.625, 11.125], "texture": "#0"},
				"south": {"uv": [7.625, 12.875, 6.625, 11.125], "texture": "#0"}
			}
		},
		{
			"from": [6, -8, 8],
			"to": [6, 0, 12],
			"rotation": {"angle": -45, "axis": "y", "origin": [6, -4, 10]},
			"faces": {
				"east": {"uv": [7.625, 12.875, 6.625, 11.125], "texture": "#0"},
				"west": {"uv": [7.625, 12.875, 6.625, 11.125], "texture": "#0"}
			}
		},
		{
			"name": "flower",
			"from": [6, 0, 10],
			"to": [7, 1, 11],
			"rotation": {"angle": 0, "axis": "y", "origin": [-2, 0, 2]},
			"faces": {
				"north": {"uv": [6.125, 15.25, 6.375, 15.5], "rotation": 90, "texture": "#0"},
				"east": {"uv": [5.75, 15.625, 6, 15.875], "texture": "#0"},
				"south": {"uv": [5.375, 15.25, 5.625, 15.5], "rotation": 90, "texture": "#0"},
				"west": {"uv": [5.75, 14.875, 6, 15.125], "texture": "#0"},
				"up": {"uv": [5.75, 15.25, 6, 15.5], "rotation": 270, "texture": "#0"}
			}
		},
		{
			"name": "flower",
			"from": [4.5, 0, 8.5],
			"to": [8.5, 2, 8.5],
			"rotation": {"angle": 0, "axis": "y", "origin": [7.5, 0, 11.5]},
			"faces": {
				"north": {"uv": [4.375, 14.375, 5.375, 14.875], "texture": "#0"},
				"south": {"uv": [5.375, 14.375, 4.375, 14.875], "texture": "#0"}
			}
		},
		{
			"name": "flower",
			"from": [5, 0, 9],
			"to": [8, 2.5, 9],
			"rotation": {"angle": 0, "axis": "y", "origin": [7.5, 0, 11.5]},
			"faces": {
				"north": {"uv": [5.5, 14.25, 6.25, 14.875], "texture": "#0"},
				"south": {"uv": [6.25, 14.25, 5.5, 14.875], "texture": "#0"}
			}
		},
		{
			"name": "flower",
			"from": [8.5, 0, 8.5],
			"to": [8.5, 2, 12.5],
			"rotation": {"angle": 0, "axis": "y", "origin": [7.5, 0, 11.5]},
			"faces": {
				"east": {"uv": [4.375, 14.375, 5.375, 14.875], "texture": "#0"},
				"west": {"uv": [5.375, 14.375, 4.375, 14.875], "texture": "#0"}
			}
		},
		{
			"name": "flower",
			"from": [8, 0, 9],
			"to": [8, 2.5, 12],
			"rotation": {"angle": 0, "axis": "y", "origin": [7.5, 0, 11.5]},
			"faces": {
				"east": {"uv": [5.5, 14.25, 6.25, 14.875], "texture": "#0"},
				"west": {"uv": [6.25, 14.25, 5.5, 14.875], "texture": "#0"}
			}
		},
		{
			"name": "flower",
			"from": [4.5, 0, 12.5],
			"to": [8.5, 2, 12.5],
			"rotation": {"angle": 0, "axis": "y", "origin": [7.5, 0, 11.5]},
			"faces": {
				"north": {"uv": [5.375, 14.375, 4.375, 14.875], "texture": "#0"},
				"south": {"uv": [4.375, 14.375, 5.375, 14.875], "texture": "#0"}
			}
		},
		{
			"name": "flower",
			"from": [4.5, 0, 8.5],
			"to": [4.5, 2, 12.5],
			"rotation": {"angle": 0, "axis": "y", "origin": [7.5, 0, 11.5]},
			"faces": {
				"east": {"uv": [5.375, 14.375, 4.375, 14.875], "texture": "#0"},
				"west": {"uv": [4.375, 14.375, 5.375, 14.875], "texture": "#0"}
			}
		},
		{
			"name": "flower",
			"from": [5, 0, 9],
			"to": [5, 2.5, 12],
			"rotation": {"angle": 0, "axis": "y", "origin": [7.5, 0, 11.5]},
			"faces": {
				"east": {"uv": [6.25, 14.25, 5.5, 14.875], "texture": "#0"},
				"west": {"uv": [5.5, 14.25, 6.25, 14.875], "texture": "#0"}
			}
		},
		{
			"name": "flower",
			"from": [5, 0, 12],
			"to": [8, 2.5, 12],
			"rotation": {"angle": 0, "axis": "y", "origin": [7.5, 0, 11.5]},
			"faces": {
				"north": {"uv": [6.25, 14.25, 5.5, 14.875], "texture": "#0"},
				"south": {"uv": [5.5, 14.25, 6.25, 14.875], "texture": "#0"}
			}
		}
	]
}