{
	"credit": "Made with Blockbench",
	"ambientocclusion": false,
	"textures": {
		"0": "block/lily_pad",
		"particle": "block/break/lily_pad"
	},
	"elements": [
		{
			"from": [1.5, 0, 3.5],
			"to": [8.5, 0, 10.5],
			"rotation": {"angle": 0, "axis": "y", "origin": [-3, 0, -1]},
			"faces": {
				"up": {"uv": [3.875, 9.25, 5.625, 11], "texture": "#0"},
				"down": {"uv": [0.125, 9.125, 1.875, 7.375], "texture": "#0"}
			}
		},
		{
			"from": [1.5, 0, 10.5],
			"to": [8.5, 2, 10.5],
			"rotation": {"angle": 0, "axis": "y", "origin": [-3, 0, -1]},
			"faces": {
				"north": {"uv": [0.125, 11, 1.875, 10.5], "texture": "#0"},
				"south": {"uv": [1.875, 11, 0.125, 10.5], "texture": "#0"}
			}
		},
		{
			"from": [1.5, 0, 3.5],
			"to": [1.5, 2, 10.5],
			"rotation": {"angle": 0, "axis": "y", "origin": [5, 0, 7]},
			"faces": {
				"east": {"uv": [0.125, 9.75, 1.875, 9.25], "texture": "#0"},
				"west": {"uv": [1.875, 9.75, 0.125, 9.25], "texture": "#0"}
			}
		},
		{
			"from": [1.5, 0, 3.5],
			"to": [8.5, 2, 3.5],
			"rotation": {"angle": 0, "axis": "y", "origin": [5, 0, 7]},
			"faces": {
				"north": {"uv": [0.125, 10.375, 1.875, 9.875], "texture": "#0"},
				"south": {"uv": [1.875, 10.375, 0.125, 9.875], "texture": "#0"}
			}
		},
		{
			"from": [8.5, 0, 3.5],
			"to": [8.5, 2, 10.5],
			"rotation": {"angle": 0, "axis": "y", "origin": [5, 0, 7]},
			"faces": {
				"east": {"uv": [1.875, 9.75, 0.125, 9.25], "texture": "#0"},
				"west": {"uv": [0.125, 9.75, 1.875, 9.25], "texture": "#0"}
			}
		},
		{
			"from": [3, -8, 7],
			"to": [7, 0, 7],
			"rotation": {"angle": -45, "axis": "y", "origin": [5, -4, 7]},
			"faces": {
				"north": {"uv": [7.625, 12.875, 6.625, 11.125], "texture": "#0"},
				"south": {"uv": [7.625, 12.875, 6.625, 11.125], "texture": "#0"}
			}
		},
		{
			"from": [5, -8, 5],
			"to": [5, 0, 9],
			"rotation": {"angle": -45, "axis": "y", "origin": [5, -4, 7]},
			"faces": {
				"east": {"uv": [7.625, 12.875, 6.625, 11.125], "texture": "#0"},
				"west": {"uv": [7.625, 12.875, 6.625, 11.125], "texture": "#0"}
			}
		},
		{
			"name": "flower",
			"from": [4.5, 0, 6.5],
			"to": [5.5, 1, 7.5],
			"rotation": {"angle": 0, "axis": "y", "origin": [-3, 0, -1]},
			"faces": {
				"north": {"uv": [4, 15.25, 4.25, 15.5], "rotation": 90, "texture": "#0"},
				"east": {"uv": [3.625, 15.625, 3.875, 15.875], "texture": "#0"},
				"south": {"uv": [3.25, 15.25, 3.5, 15.5], "rotation": 90, "texture": "#0"},
				"west": {"uv": [3.625, 14.875, 3.875, 15.125], "texture": "#0"},
				"up": {"uv": [3.625, 15.25, 3.875, 15.5], "rotation": 270, "texture": "#0"}
			}
		},
		{
			"name": "flower",
			"from": [3, 0, 5],
			"to": [7, 2, 5],
			"rotation": {"angle": 0, "axis": "y", "origin": [6.5, 0, 8.5]},
			"faces": {
				"north": {"uv": [2.25, 14.375, 3.25, 14.875], "texture": "#0"},
				"south": {"uv": [3.25, 14.375, 2.25, 14.875], "texture": "#0"}
			}
		},
		{
			"name": "flower",
			"from": [3.5, 0, 5.5],
			"to": [6.5, 2.5, 5.5],
			"rotation": {"angle": 0, "axis": "y", "origin": [6.5, 0, 8.5]},
			"faces": {
				"north": {"uv": [3.375, 14.25, 4.125, 14.875], "texture": "#0"},
				"south": {"uv": [4.125, 14.25, 3.375, 14.875], "texture": "#0"}
			}
		},
		{
			"name": "flower",
			"from": [7, 0, 5],
			"to": [7, 2, 9],
			"rotation": {"angle": 0, "axis": "y", "origin": [6.5, 0, 8.5]},
			"faces": {
				"east": {"uv": [2.25, 14.375, 3.25, 14.875], "texture": "#0"},
				"west": {"uv": [3.25, 14.375, 2.25, 14.875], "texture": "#0"}
			}
		},
		{
			"name": "flower",
			"from": [6.5, 0, 5.5],
			"to": [6.5, 2.5, 8.5],
			"rotation": {"angle": 0, "axis": "y", "origin": [6.5, 0, 8.5]},
			"faces": {
				"east": {"uv": [3.375, 14.25, 4.125, 14.875], "texture": "#0"},
				"west": {"uv": [4.125, 14.25, 3.375, 14.875], "texture": "#0"}
			}
		},
		{
			"name": "flower",
			"from": [3, 0, 9],
			"to": [7, 2, 9],
			"rotation": {"angle": 0, "axis": "y", "origin": [6.5, 0, 8.5]},
			"faces": {
				"north": {"uv": [3.25, 14.375, 2.25, 14.875], "texture": "#0"},
				"south": {"uv": [2.25, 14.375, 3.25, 14.875], "texture": "#0"}
			}
		},
		{
			"name": "flower",
			"from": [3, 0, 5],
			"to": [3, 2, 9],
			"rotation": {"angle": 0, "axis": "y", "origin": [6.5, 0, 8.5]},
			"faces": {
				"east": {"uv": [3.25, 14.375, 2.25, 14.875], "texture": "#0"},
				"west": {"uv": [2.25, 14.375, 3.25, 14.875], "texture": "#0"}
			}
		},
		{
			"name": "flower",
			"from": [3.5, 0, 5.5],
			"to": [3.5, 2.5, 8.5],
			"rotation": {"angle": 0, "axis": "y", "origin": [6.5, 0, 8.5]},
			"faces": {
				"east": {"uv": [4.125, 14.25, 3.375, 14.875], "texture": "#0"},
				"west": {"uv": [3.375, 14.25, 4.125, 14.875], "texture": "#0"}
			}
		},
		{
			"name": "flower",
			"from": [3.5, 0, 8.5],
			"to": [6.5, 2.5, 8.5],
			"rotation": {"angle": 0, "axis": "y", "origin": [6.5, 0, 8.5]},
			"faces": {
				"north": {"uv": [4.125, 14.25, 3.375, 14.875], "texture": "#0"},
				"south": {"uv": [3.375, 14.25, 4.125, 14.875], "texture": "#0"}
			}
		}
	]
}