{
	"credit": "Made with Blockbench",
	"ambientocclusion": false,
	"textures": {
		"0": "block/lily_pad",
		"particle": "block/break/lily_pad"
	},
	"elements": [
		{
			"from": [5.5, 0, 1.5],
			"to": [12.5, 0, 8.5],
			"rotation": {"angle": 0, "axis": "y", "origin": [1, 0, -3]},
			"faces": {
				"up": {"uv": [5.75, 9.25, 7.5, 11], "texture": "#0"},
				"down": {"uv": [0.125, 9.125, 1.875, 7.375], "texture": "#0"}
			}
		},
		{
			"from": [5.5, 0, 8.5],
			"to": [12.5, 2, 8.5],
			"rotation": {"angle": 0, "axis": "y", "origin": [1, 0, -3]},
			"faces": {
				"north": {"uv": [0.125, 11, 1.875, 10.5], "texture": "#0"},
				"south": {"uv": [1.875, 11, 0.125, 10.5], "texture": "#0"}
			}
		},
		{
			"from": [5.5, 0, 1.5],
			"to": [5.5, 2, 8.5],
			"rotation": {"angle": 0, "axis": "y", "origin": [9, 0, 5]},
			"faces": {
				"east": {"uv": [0.125, 9.75, 1.875, 9.25], "texture": "#0"},
				"west": {"uv": [1.875, 9.75, 0.125, 9.25], "texture": "#0"}
			}
		},
		{
			"from": [5.5, 0, 1.5],
			"to": [12.5, 2, 1.5],
			"rotation": {"angle": 0, "axis": "y", "origin": [9, 0, 5]},
			"faces": {
				"north": {"uv": [0.125, 10.375, 1.875, 9.875], "texture": "#0"},
				"south": {"uv": [1.875, 10.375, 0.125, 9.875], "texture": "#0"}
			}
		},
		{
			"from": [12.5, 0, 1.5],
			"to": [12.5, 2, 8.5],
			"rotation": {"angle": 0, "axis": "y", "origin": [9, 0, 5]},
			"faces": {
				"east": {"uv": [1.875, 9.75, 0.125, 9.25], "texture": "#0"},
				"west": {"uv": [0.125, 9.75, 1.875, 9.25], "texture": "#0"}
			}
		},
		{
			"from": [7, -8, 5],
			"to": [11, 0, 5],
			"rotation": {"angle": -45, "axis": "y", "origin": [9, -4, 5]},
			"faces": {
				"north": {"uv": [7.625, 12.875, 6.625, 11.125], "texture": "#0"},
				"south": {"uv": [7.625, 12.875, 6.625, 11.125], "texture": "#0"}
			}
		},
		{
			"from": [9, -8, 3],
			"to": [9, 0, 7],
			"rotation": {"angle": -45, "axis": "y", "origin": [9, -4, 5]},
			"faces": {
				"east": {"uv": [7.625, 12.875, 6.625, 11.125], "texture": "#0"},
				"west": {"uv": [7.625, 12.875, 6.625, 11.125], "texture": "#0"}
			}
		},
		{
			"name": "flower",
			"from": [8.5, 0, 4.5],
			"to": [9.5, 1, 5.5],
			"rotation": {"angle": 0, "axis": "y", "origin": [1, 0, -3]},
			"faces": {
				"north": {"uv": [6.125, 15.25, 6.375, 15.5], "rotation": 90, "texture": "#0"},
				"east": {"uv": [5.75, 15.625, 6, 15.875], "texture": "#0"},
				"south": {"uv": [5.375, 15.25, 5.625, 15.5], "rotation": 90, "texture": "#0"},
				"west": {"uv": [5.75, 14.875, 6, 15.125], "texture": "#0"},
				"up": {"uv": [5.75, 15.25, 6, 15.5], "rotation": 270, "texture": "#0"}
			}
		},
		{
			"name": "flower",
			"from": [7, 0, 3],
			"to": [11, 2, 3],
			"rotation": {"angle": 0, "axis": "y", "origin": [10.5, 0, 6.5]},
			"faces": {
				"north": {"uv": [4.375, 14.375, 5.375, 14.875], "texture": "#0"},
				"south": {"uv": [5.375, 14.375, 4.375, 14.875], "texture": "#0"}
			}
		},
		{
			"name": "flower",
			"from": [7.5, 0, 3.5],
			"to": [10.5, 2.5, 3.5],
			"rotation": {"angle": 0, "axis": "y", "origin": [10.5, 0, 6.5]},
			"faces": {
				"north": {"uv": [5.5, 14.25, 6.25, 14.875], "texture": "#0"},
				"south": {"uv": [6.25, 14.25, 5.5, 14.875], "texture": "#0"}
			}
		},
		{
			"name": "flower",
			"from": [11, 0, 3],
			"to": [11, 2, 7],
			"rotation": {"angle": 0, "axis": "y", "origin": [10.5, 0, 6.5]},
			"faces": {
				"east": {"uv": [4.375, 14.375, 5.375, 14.875], "texture": "#0"},
				"west": {"uv": [5.375, 14.375, 4.375, 14.875], "texture": "#0"}
			}
		},
		{
			"name": "flower",
			"from": [10.5, 0, 3.5],
			"to": [10.5, 2.5, 6.5],
			"rotation": {"angle": 0, "axis": "y", "origin": [10.5, 0, 6.5]},
			"faces": {
				"east": {"uv": [5.5, 14.25, 6.25, 14.875], "texture": "#0"},
				"west": {"uv": [6.25, 14.25, 5.5, 14.875], "texture": "#0"}
			}
		},
		{
			"name": "flower",
			"from": [7, 0, 7],
			"to": [11, 2, 7],
			"rotation": {"angle": 0, "axis": "y", "origin": [10.5, 0, 6.5]},
			"faces": {
				"north": {"uv": [5.375, 14.375, 4.375, 14.875], "texture": "#0"},
				"south": {"uv": [4.375, 14.375, 5.375, 14.875], "texture": "#0"}
			}
		},
		{
			"name": "flower",
			"from": [7, 0, 3],
			"to": [7, 2, 7],
			"rotation": {"angle": 0, "axis": "y", "origin": [10.5, 0, 6.5]},
			"faces": {
				"east": {"uv": [5.375, 14.375, 4.375, 14.875], "texture": "#0"},
				"west": {"uv": [4.375, 14.375, 5.375, 14.875], "texture": "#0"}
			}
		},
		{
			"name": "flower",
			"from": [7.5, 0, 3.5],
			"to": [7.5, 2.5, 6.5],
			"rotation": {"angle": 0, "axis": "y", "origin": [10.5, 0, 6.5]},
			"faces": {
				"east": {"uv": [6.25, 14.25, 5.5, 14.875], "texture": "#0"},
				"west": {"uv": [5.5, 14.25, 6.25, 14.875], "texture": "#0"}
			}
		},
		{
			"name": "flower",
			"from": [7.5, 0, 6.5],
			"to": [10.5, 2.5, 6.5],
			"rotation": {"angle": 0, "axis": "y", "origin": [10.5, 0, 6.5]},
			"faces": {
				"north": {"uv": [6.25, 14.25, 5.5, 14.875], "texture": "#0"},
				"south": {"uv": [5.5, 14.25, 6.25, 14.875], "texture": "#0"}
			}
		}
	]
}