{
	"credit": "Made with Blockbench",
	"ambientocclusion": false,
	"textures": {
		"0": "block/lily_pad",
		"particle": "block/break/lily_pad"
	},
	"elements": [
		{
			"from": [1, 0, 1],
			"to": [15, 0, 15],
			"faces": {
				"up": {"uv": [11, 3.75, 14.5, 7.25], "texture": "#0"},
				"down": {"uv": [0.125, 3.625, 3.625, 0.125], "texture": "#0"}
			}
		},
		{
			"from": [1, 0, 15],
			"to": [15, 3.5, 15],
			"faces": {
				"north": {"uv": [0.125, 6.625, 3.625, 5.75], "texture": "#0"},
				"south": {"uv": [3.625, 6.625, 0.125, 5.75], "texture": "#0"}
			}
		},
		{
			"from": [1, 0, 1],
			"to": [1, 3.5, 15],
			"rotation": {"angle": 0, "axis": "y", "origin": [8, 0, 8]},
			"faces": {
				"east": {"uv": [0.125, 4.625, 3.625, 3.75], "texture": "#0"},
				"west": {"uv": [3.625, 4.625, 0.125, 3.75], "texture": "#0"}
			}
		},
		{
			"from": [1, 0, 1],
			"to": [15, 3.5, 1],
			"rotation": {"angle": 0, "axis": "y", "origin": [8, 0, 8]},
			"faces": {
				"north": {"uv": [0.125, 5.625, 3.625, 4.75], "texture": "#0"},
				"south": {"uv": [3.625, 5.625, 0.125, 4.75], "texture": "#0"}
			}
		},
		{
			"from": [15, 0, 1],
			"to": [15, 3.5, 15],
			"rotation": {"angle": 0, "axis": "y", "origin": [8, 0, 8]},
			"faces": {
				"east": {"uv": [3.625, 4.625, 0.125, 3.75], "texture": "#0"},
				"west": {"uv": [0.125, 4.625, 3.625, 3.75], "texture": "#0"}
			}
		},
		{
			"from": [8, -16, 4],
			"to": [8, 0, 12],
			"rotation": {"angle": -45, "axis": "y", "origin": [8, -8, 8]},
			"faces": {
				"east": {"uv": [14.75, 10.875, 12.75, 7.375], "texture": "#0"},
				"west": {"uv": [14.75, 10.875, 12.75, 7.375], "texture": "#0"}
			}
		},
		{
			"from": [4, -16, 8],
			"to": [12, 0, 8],
			"rotation": {"angle": -45, "axis": "y", "origin": [8, -8, 8]},
			"faces": {
				"north": {"uv": [14.75, 10.875, 12.75, 7.375], "texture": "#0"},
				"south": {"uv": [14.75, 10.875, 12.75, 7.375], "texture": "#0"}
			}
		},
		{
			"name": "flower",
			"from": [4.5, 0, 4.5],
			"to": [5.5, 1, 5.5],
			"faces": {
				"north": {"uv": [6.125, 15.25, 6.375, 15.5], "rotation": 90, "texture": "#0"},
				"east": {"uv": [5.75, 15.625, 6, 15.875], "texture": "#0"},
				"south": {"uv": [5.375, 15.25, 5.625, 15.5], "rotation": 90, "texture": "#0"},
				"west": {"uv": [5.75, 14.875, 6, 15.125], "texture": "#0"},
				"up": {"uv": [5.75, 15.25, 6, 15.5], "rotation": 270, "texture": "#0"}
			}
		},
		{
			"name": "flower",
			"from": [3, 0, 3],
			"to": [7, 2, 3],
			"rotation": {"angle": 0, "axis": "y", "origin": [9.5, 0, 9.5]},
			"faces": {
				"north": {"uv": [4.375, 14.375, 5.375, 14.875], "texture": "#0"},
				"south": {"uv": [5.375, 14.375, 4.375, 14.875], "texture": "#0"}
			}
		},
		{
			"name": "flower",
			"from": [3.5, 0, 3.5],
			"to": [6.5, 2.5, 3.5],
			"rotation": {"angle": 0, "axis": "y", "origin": [9.5, 0, 9.5]},
			"faces": {
				"north": {"uv": [5.5, 14.25, 6.25, 14.875], "texture": "#0"},
				"south": {"uv": [6.25, 14.25, 5.5, 14.875], "texture": "#0"}
			}
		},
		{
			"name": "flower",
			"from": [7, 0, 3],
			"to": [7, 2, 7],
			"rotation": {"angle": 0, "axis": "y", "origin": [9.5, 0, 9.5]},
			"faces": {
				"east": {"uv": [4.375, 14.375, 5.375, 14.875], "texture": "#0"},
				"west": {"uv": [5.375, 14.375, 4.375, 14.875], "texture": "#0"}
			}
		},
		{
			"name": "flower",
			"from": [6.5, 0, 3.5],
			"to": [6.5, 2.5, 6.5],
			"rotation": {"angle": 0, "axis": "y", "origin": [9.5, 0, 9.5]},
			"faces": {
				"east": {"uv": [5.5, 14.25, 6.25, 14.875], "texture": "#0"},
				"west": {"uv": [6.25, 14.25, 5.5, 14.875], "texture": "#0"}
			}
		},
		{
			"name": "flower",
			"from": [3, 0, 7],
			"to": [7, 2, 7],
			"rotation": {"angle": 0, "axis": "y", "origin": [9.5, 0, 9.5]},
			"faces": {
				"north": {"uv": [5.375, 14.375, 4.375, 14.875], "texture": "#0"},
				"south": {"uv": [4.375, 14.375, 5.375, 14.875], "texture": "#0"}
			}
		},
		{
			"name": "flower",
			"from": [3, 0, 3],
			"to": [3, 2, 7],
			"rotation": {"angle": 0, "axis": "y", "origin": [9.5, 0, 9.5]},
			"faces": {
				"east": {"uv": [5.375, 14.375, 4.375, 14.875], "texture": "#0"},
				"west": {"uv": [4.375, 14.375, 5.375, 14.875], "texture": "#0"}
			}
		},
		{
			"name": "flower",
			"from": [3.5, 0, 3.5],
			"to": [3.5, 2.5, 6.5],
			"rotation": {"angle": 0, "axis": "y", "origin": [9.5, 0, 9.5]},
			"faces": {
				"east": {"uv": [6.25, 14.25, 5.5, 14.875], "texture": "#0"},
				"west": {"uv": [5.5, 14.25, 6.25, 14.875], "texture": "#0"}
			}
		},
		{
			"name": "flower",
			"from": [3.5, 0, 6.5],
			"to": [6.5, 2.5, 6.5],
			"rotation": {"angle": 0, "axis": "y", "origin": [9.5, 0, 9.5]},
			"faces": {
				"north": {"uv": [6.25, 14.25, 5.5, 14.875], "texture": "#0"},
				"south": {"uv": [5.5, 14.25, 6.25, 14.875], "texture": "#0"}
			}
		}
	]
}