{
	"credit": "Made with Blockbench",
	"ambientocclusion": false,
	"textures": {
		"0": "block/lily_pad",
		"particle": "block/break/lily_pad"
	},
	"elements": [
		{
			"from": [5.5, 0, 4.5],
			"to": [12.5, 0, 11.5],
			"rotation": {"angle": 0, "axis": "y", "origin": [1, 0, 0]},
			"faces": {
				"up": {"uv": [0.125, 7.375, 1.875, 9.125], "texture": "#0"},
				"down": {"uv": [0.125, 9.125, 1.875, 7.375], "texture": "#0"}
			}
		},
		{
			"from": [5.5, 0, 11.5],
			"to": [12.5, 2, 11.5],
			"rotation": {"angle": 0, "axis": "y", "origin": [1, 0, 0]},
			"faces": {
				"north": {"uv": [0.125, 11, 1.875, 10.5], "texture": "#0"},
				"south": {"uv": [1.875, 11, 0.125, 10.5], "texture": "#0"}
			}
		},
		{
			"from": [5.5, 0, 4.5],
			"to": [5.5, 2, 11.5],
			"rotation": {"angle": 0, "axis": "y", "origin": [9, 0, 8]},
			"faces": {
				"east": {"uv": [0.125, 9.75, 1.875, 9.25], "texture": "#0"},
				"west": {"uv": [1.875, 9.75, 0.125, 9.25], "texture": "#0"}
			}
		},
		{
			"from": [5.5, 0, 4.5],
			"to": [12.5, 2, 4.5],
			"rotation": {"angle": 0, "axis": "y", "origin": [9, 0, 8]},
			"faces": {
				"north": {"uv": [0.125, 10.375, 1.875, 9.875], "texture": "#0"},
				"south": {"uv": [1.875, 10.375, 0.125, 9.875], "texture": "#0"}
			}
		},
		{
			"from": [12.5, 0, 4.5],
			"to": [12.5, 2, 11.5],
			"rotation": {"angle": 0, "axis": "y", "origin": [9, 0, 8]},
			"faces": {
				"east": {"uv": [1.875, 9.75, 0.125, 9.25], "texture": "#0"},
				"west": {"uv": [0.125, 9.75, 1.875, 9.25], "texture": "#0"}
			}
		},
		{
			"from": [7, -8, 8],
			"to": [11, 0, 8],
			"rotation": {"angle": -45, "axis": "y", "origin": [9, -4, 8]},
			"faces": {
				"north": {"uv": [7.625, 12.875, 6.625, 11.125], "texture": "#0"},
				"south": {"uv": [7.625, 12.875, 6.625, 11.125], "texture": "#0"}
			}
		},
		{
			"from": [9, -8, 6],
			"to": [9, 0, 10],
			"rotation": {"angle": -45, "axis": "y", "origin": [9, -4, 8]},
			"faces": {
				"east": {"uv": [7.625, 12.875, 6.625, 11.125], "texture": "#0"},
				"west": {"uv": [7.625, 12.875, 6.625, 11.125], "texture": "#0"}
			}
		}
	]
}