{
	"credit": "Made with Blockbench",
	"ambientocclusion": false,
	"textures": {
		"0": "block/lily_pad",
		"particle": "block/break/lily_pad"
	},
	"elements": [
		{
			"from": [6.5, 0, 2.5],
			"to": [13.5, 0, 9.5],
			"rotation": {"angle": 0, "axis": "y", "origin": [2, 0, -2]},
			"faces": {
				"up": {"uv": [2, 7.375, 3.75, 9.125], "texture": "#0"},
				"down": {"uv": [0.125, 9.125, 1.875, 7.375], "texture": "#0"}
			}
		},
		{
			"from": [6.5, 0, 9.5],
			"to": [13.5, 2, 9.5],
			"rotation": {"angle": 0, "axis": "y", "origin": [2, 0, -2]},
			"faces": {
				"north": {"uv": [0.125, 11, 1.875, 10.5], "texture": "#0"},
				"south": {"uv": [1.875, 11, 0.125, 10.5], "texture": "#0"}
			}
		},
		{
			"from": [6.5, 0, 2.5],
			"to": [6.5, 2, 9.5],
			"rotation": {"angle": 0, "axis": "y", "origin": [10, 0, 6]},
			"faces": {
				"east": {"uv": [0.125, 9.75, 1.875, 9.25], "texture": "#0"},
				"west": {"uv": [1.875, 9.75, 0.125, 9.25], "texture": "#0"}
			}
		},
		{
			"from": [6.5, 0, 2.5],
			"to": [13.5, 2, 2.5],
			"rotation": {"angle": 0, "axis": "y", "origin": [10, 0, 6]},
			"faces": {
				"north": {"uv": [0.125, 10.375, 1.875, 9.875], "texture": "#0"},
				"south": {"uv": [1.875, 10.375, 0.125, 9.875], "texture": "#0"}
			}
		},
		{
			"from": [13.5, 0, 2.5],
			"to": [13.5, 2, 9.5],
			"rotation": {"angle": 0, "axis": "y", "origin": [10, 0, 6]},
			"faces": {
				"east": {"uv": [1.875, 9.75, 0.125, 9.25], "texture": "#0"},
				"west": {"uv": [0.125, 9.75, 1.875, 9.25], "texture": "#0"}
			}
		},
		{
			"from": [8, -8, 6],
			"to": [12, 0, 6],
			"rotation": {"angle": -45, "axis": "y", "origin": [10, -4, 6]},
			"faces": {
				"north": {"uv": [7.625, 12.875, 6.625, 11.125], "texture": "#0"},
				"south": {"uv": [7.625, 12.875, 6.625, 11.125], "texture": "#0"}
			}
		},
		{
			"from": [10, -8, 4],
			"to": [10, 0, 8],
			"rotation": {"angle": -45, "axis": "y", "origin": [10, -4, 6]},
			"faces": {
				"east": {"uv": [7.625, 12.875, 6.625, 11.125], "texture": "#0"},
				"west": {"uv": [7.625, 12.875, 6.625, 11.125], "texture": "#0"}
			}
		},
		{
			"name": "flower",
			"from": [10, 0, 6],
			"to": [11, 1, 7],
			"rotation": {"angle": 0, "axis": "y", "origin": [2, 0, -2]},
			"faces": {
				"north": {"uv": [1.875, 15.25, 2.125, 15.5], "rotation": 90, "texture": "#0"},
				"east": {"uv": [1.5, 15.625, 1.75, 15.875], "texture": "#0"},
				"south": {"uv": [1.125, 15.25, 1.375, 15.5], "rotation": 90, "texture": "#0"},
				"west": {"uv": [1.5, 14.875, 1.75, 15.125], "texture": "#0"},
				"up": {"uv": [1.5, 15.25, 1.75, 15.5], "rotation": 270, "texture": "#0"}
			}
		},
		{
			"name": "flower",
			"from": [8.5, 0, 4.5],
			"to": [12.5, 2, 4.5],
			"rotation": {"angle": 0, "axis": "y", "origin": [11.5, 0, 7.5]},
			"faces": {
				"north": {"uv": [0.125, 14.375, 1.125, 14.875], "texture": "#0"},
				"south": {"uv": [1.125, 14.375, 0.125, 14.875], "texture": "#0"}
			}
		},
		{
			"name": "flower",
			"from": [9, 0, 5],
			"to": [12, 2.5, 5],
			"rotation": {"angle": 0, "axis": "y", "origin": [11.5, 0, 7.5]},
			"faces": {
				"north": {"uv": [1.25, 14.25, 2, 14.875], "texture": "#0"},
				"south": {"uv": [2, 14.25, 1.25, 14.875], "texture": "#0"}
			}
		},
		{
			"name": "flower",
			"from": [12.5, 0, 4.5],
			"to": [12.5, 2, 8.5],
			"rotation": {"angle": 0, "axis": "y", "origin": [11.5, 0, 7.5]},
			"faces": {
				"east": {"uv": [0.125, 14.375, 1.125, 14.875], "texture": "#0"},
				"west": {"uv": [1.125, 14.375, 0.125, 14.875], "texture": "#0"}
			}
		},
		{
			"name": "flower",
			"from": [12, 0, 5],
			"to": [12, 2.5, 8],
			"rotation": {"angle": 0, "axis": "y", "origin": [11.5, 0, 7.5]},
			"faces": {
				"east": {"uv": [1.25, 14.25, 2, 14.875], "texture": "#0"},
				"west": {"uv": [2, 14.25, 1.25, 14.875], "texture": "#0"}
			}
		},
		{
			"name": "flower",
			"from": [8.5, 0, 8.5],
			"to": [12.5, 2, 8.5],
			"rotation": {"angle": 0, "axis": "y", "origin": [11.5, 0, 7.5]},
			"faces": {
				"north": {"uv": [1.125, 14.375, 0.125, 14.875], "texture": "#0"},
				"south": {"uv": [0.125, 14.375, 1.125, 14.875], "texture": "#0"}
			}
		},
		{
			"name": "flower",
			"from": [8.5, 0, 4.5],
			"to": [8.5, 2, 8.5],
			"rotation": {"angle": 0, "axis": "y", "origin": [11.5, 0, 7.5]},
			"faces": {
				"east": {"uv": [1.125, 14.375, 0.125, 14.875], "texture": "#0"},
				"west": {"uv": [0.125, 14.375, 1.125, 14.875], "texture": "#0"}
			}
		},
		{
			"name": "flower",
			"from": [9, 0, 5],
			"to": [9, 2.5, 8],
			"rotation": {"angle": 0, "axis": "y", "origin": [11.5, 0, 7.5]},
			"faces": {
				"east": {"uv": [2, 14.25, 1.25, 14.875], "texture": "#0"},
				"west": {"uv": [1.25, 14.25, 2, 14.875], "texture": "#0"}
			}
		},
		{
			"name": "flower",
			"from": [9, 0, 8],
			"to": [12, 2.5, 8],
			"rotation": {"angle": 0, "axis": "y", "origin": [11.5, 0, 7.5]},
			"faces": {
				"north": {"uv": [2, 14.25, 1.25, 14.875], "texture": "#0"},
				"south": {"uv": [1.25, 14.25, 2, 14.875], "texture": "#0"}
			}
		}
	]
}